email,version,conversion_rate
0,A,7.027559055
0,B,7.398373984
1,A,7.271494386
1,B,7.755871558